<?xml version="1.0" encoding="UTF-8"?>
<GenRun Id="synth_1" LaunchPart="xc7a35tcpg236-1" LaunchTime="1490925678">
  <File Type="PA-TCL" Name="ex4.tcl"/>
  <File Type="RDS-PROPCONSTRS" Name="ex4_drc_synth.rpt"/>
  <File Type="RDS-RDS" Name="ex4.vds"/>
  <File Type="RDS-UTIL" Name="ex4_utilization_synth.rpt"/>
  <File Type="RDS-UTIL-PB" Name="ex4_utilization_synth.pb"/>
  <File Type="RDS-DCP" Name="ex4.dcp"/>
  <File Type="VDS-TIMINGSUMMARY" Name="ex4_timing_summary_synth.rpt"/>
  <File Type="VDS-TIMING-PB" Name="ex4_timing_summary_synth.pb"/>
  <FileSet Name="sources" Type="DesignSrcs" RelSrcDir="$PSRCDIR/sources_1">
    <Filter Type="Srcs"/>
    <File Path="$PSRCDIR/sources_1/new/ex4.vhd">
      <FileInfo>
        <Attr Name="UsedIn" Val="synthesis"/>
        <Attr Name="UsedIn" Val="simulation"/>
      </FileInfo>
    </File>
    <Config>
      <Option Name="DesignMode" Val="RTL"/>
      <Option Name="TopModule" Val="ex4"/>
      <Option Name="TopAutoSet" Val="TRUE"/>
    </Config>
  </FileSet>
  <FileSet Name="constrs_in" Type="Constrs" RelSrcDir="$PSRCDIR/constrs_1">
    <Filter Type="Constrs"/>
    <Config>
      <Option Name="ConstrsType" Val="XDC"/>
    </Config>
  </FileSet>
  <Strategy Version="1" Minor="2">
    <StratHandle Name="Vivado Synthesis Defaults" Flow="Vivado Synthesis 2016"/>
    <Step Id="synth_design"/>
  </Strategy>
</GenRun>
