<?xml version="1.0" encoding="UTF-8"?>
<GenRun Id="synth_1" LaunchPart="xc7z010clg400-1" LaunchTime="1490933247">
  <File Type="RDS-PROPCONSTRS" Name="exerc1_drc_synth.rpt"/>
  <File Type="PA-TCL" Name="exerc1.tcl"/>
  <File Type="RDS-RDS" Name="exerc1.vds"/>
  <File Type="RDS-UTIL" Name="exerc1_utilization_synth.rpt"/>
  <File Type="RDS-UTIL-PB" Name="exerc1_utilization_synth.pb"/>
  <File Type="RDS-DCP" Name="exerc1.dcp"/>
  <File Type="VDS-TIMINGSUMMARY" Name="exerc1_timing_summary_synth.rpt"/>
  <File Type="VDS-TIMING-PB" Name="exerc1_timing_summary_synth.pb"/>
  <FileSet Name="sources" Type="DesignSrcs" RelSrcDir="$PSRCDIR/sources_1">
    <Filter Type="Srcs"/>
    <File Path="$PSRCDIR/sources_1/new/exerc1.vhd">
      <FileInfo>
        <Attr Name="UsedIn" Val="synthesis"/>
        <Attr Name="UsedIn" Val="simulation"/>
      </FileInfo>
    </File>
    <Config>
      <Option Name="DesignMode" Val="RTL"/>
      <Option Name="TopModule" Val="exerc1"/>
      <Option Name="TopAutoSet" Val="TRUE"/>
    </Config>
  </FileSet>
  <FileSet Name="constrs_in" Type="Constrs" RelSrcDir="$PSRCDIR/constrs_1">
    <Filter Type="Constrs"/>
    <Config>
      <Option Name="ConstrsType" Val="XDC"/>
    </Config>
  </FileSet>
  <Strategy Version="1" Minor="2">
    <StratHandle Name="Vivado Synthesis Defaults" Flow="Vivado Synthesis 2016"/>
    <Step Id="synth_design"/>
  </Strategy>
</GenRun>
